question_number,ground_truth,agent1_answer,agent2_answer,agent3_answer,majority_answer,mcf_answer,agent1_correct,agent2_correct,agent3_correct,majority_correct,mcf_correct,agents_disagree
1,18,18,18,18,18,18,True,True,True,True,True,False
2,3,3,3,3,3,3,True,True,True,True,True,False
3,70000,-10000,-10000,20000,-10000,20000,False,False,False,False,False,True
4,540,540,540,540,540,540,True,True,True,True,True,False
5,20,20,140,1,,20,True,False,False,False,True,True
6,64,64,50,64,64,64,True,False,True,True,True,True
7,260,260,260,260,260,260,True,True,True,True,True,False
8,160,,240,160,,,False,False,True,False,False,True
9,45,50,255,135,,255,False,False,False,False,False,True
10,460,460,460,460,460,460,True,True,True,True,True,False
11,366,366,294,366,366,366,True,False,True,True,True,True
12,694,694,694,694,694,694,True,True,True,True,True,False
13,13,17,,2,,,False,False,False,False,False,True
14,18,10,18,18,18,10,False,True,True,True,False,True
15,60,60,60,60,60,60,True,True,True,True,True,False
16,125,125,221,125,125,221,True,False,True,True,False,True
17,230,80,230,230,230,80,False,True,True,True,False,True
18,57500,57500,,57500,57500,,True,False,True,True,False,False
19,7,7,7,7,7,7,True,True,True,True,True,False
20,6,6,3,6,6,6,True,False,True,True,True,True
21,15,14.67,14.67,29.67,14.67,29.67,False,False,False,False,False,True
22,14,2,2,8,2,2,False,False,False,False,False,True
23,7,7,7,7,7,7,True,True,True,True,True,False
24,8,8,8,8,8,8,True,True,True,True,True,False
25,26,26,26,25.6,26,25.6,True,True,False,True,False,True
26,2,,,2,,,False,False,True,False,False,False
27,243,243,243,243,243,243,True,True,True,True,True,False
28,16,16,16,16,16,16,True,True,True,True,True,False
29,25,25,25,25,25,25,True,True,True,True,True,False
30,104,94,,104,,94,False,False,True,False,False,True
31,109,109,109,109,109,109,True,True,True,True,True,False
32,80,80,80,80,80,80,True,True,True,True,True,False
33,35,35,35,35,35,35,True,True,True,True,True,False
34,70,70,70,70,70,70,True,True,True,True,True,False
35,23,23,23,23,23,23,True,True,True,True,True,False
36,9,9,9,9,9,9,True,True,True,True,True,False
37,75,75,75,75,75,75,True,True,True,True,True,False
38,2,13,,2,,,False,False,True,False,False,True
39,10,10,15,11.43,,10,True,False,False,False,True,True
40,18,18,18,18,18,18,True,True,True,True,True,False
41,8,8,8,8,8,8,True,True,True,True,True,False
42,200,200,200,200,200,200,True,True,True,True,True,False
43,26,26,,26,26,26,True,False,True,True,True,False
44,48,48,48,0,48,0,True,True,False,True,False,True
45,20,20,10,10,10,10,True,False,False,False,False,True
46,104,104,104,104,104,104,True,True,True,True,True,False
47,163,163,163,63,163,163,True,True,False,True,True,True
48,800,800,800,800,800,800,True,True,True,True,True,False
49,8,8,8,8,8,8,True,True,True,True,True,False
50,30,30,30,30,30,30,True,True,True,True,True,False
